run,job_id,task_net,type,lr,energy_weight,lr_loss,epoch,loss,time_s,early_stop,mpjpe,p_mpjpe,pck,auc,energy,e_diff,e_diff_ratio,saved
gcn-base-d095,223023,semgcn,baseline,1e-2,,,1,0.08247,45.12,0,290.35,228.53,29.33,12.1,,,,1
gcn-base-d095,223023,semgcn,baseline,1e-2,,,2,0.023851,44.93,0,209.96,157.83,48.5,21.82,,,,1
gcn-base-d095,223023,semgcn,baseline,1e-2,,,3,0.013518,45.31,1,237.79,168.2,36.37,16.9,,,,0
gcn-base-d095,223023,semgcn,baseline,1e-2,,,4,0.007814,44.97,0,132.89,105.18,68.98,32.7,,,,1
gcn-base-d095,223023,semgcn,baseline,1e-2,,,5,0.005173,44.7,0,109.9,82.08,78.72,41.89,,,,1
gcn-base-d095,223023,semgcn,baseline,1e-2,,,6,0.003868,44.47,1,175.52,136.81,60.56,27.87,,,,0
gcn-base-d095,223023,semgcn,baseline,1e-2,,,7,0.003248,44.67,0,96.78,66.39,85.06,48.27,,,,1
gcn-base-d095,223023,semgcn,baseline,1e-2,,,8,0.00304,44.79,1,102.22,73.16,84.59,47.3,,,,0
gcn-base-d095,223023,semgcn,baseline,1e-2,,,9,0.002538,44.98,2,100.36,64.92,84.18,46.43,,,,0
gcn-base-d095,223023,semgcn,baseline,1e-2,,,10,0.002375,44.71,3,102.88,68.22,83.04,44.81,,,,0
gcn-base-d095,223023,semgcn,baseline,1e-2,,,11,0.002099,45.22,4,108.68,77.02,82.97,45.64,,,,0
gcn-base-d095,223023,semgcn,baseline,1e-2,,,12,0.001844,44.96,5,680.54,387.12,14.56,7.74,,,,0
gcn-base-d095,223023,semgcn,baseline,1e-2,,,13,0.001832,45.19,6,97.6,76.98,82.78,45.17,,,,0
gcn-base-d095,223023,semgcn,baseline,1e-2,,,14,0.001657,44.92,0,73.89,49.61,90.53,57.55,,,,1
gcn-base-d095,223023,semgcn,baseline,1e-2,,,15,0.001664,44.93,0,70.52,49.5,91.27,58.05,,,,1
gcn-base-d095,223023,semgcn,baseline,1e-2,,,16,0.00154,44.65,0,70.44,49.07,90.51,60.03,,,,1
gcn-base-d095,223023,semgcn,baseline,1e-2,,,17,0.001421,44.82,1,76.31,58.67,90.19,53.98,,,,0
gcn-base-d095,223023,semgcn,baseline,1e-2,,,18,0.001375,44.97,2,100.2,76.06,82.04,44.48,,,,0
gcn-base-d095,223023,semgcn,baseline,1e-2,,,19,0.001313,45.05,3,111.77,86.35,77.14,40.44,,,,0
gcn-base-d095,223023,semgcn,baseline,1e-2,,,20,0.001298,44.96,4,87.5,65.47,86.7,50.21,,,,0
gcn-base-d095,223023,semgcn,baseline,1e-2,,,21,0.001248,45.14,5,195.14,149.16,48.03,23.4,,,,0
gcn-base-d095,223023,semgcn,baseline,1e-2,,,22,0.001227,44.88,0,69.6,46.47,90.94,60.16,,,,1
gcn-base-d095,223023,semgcn,baseline,1e-2,,,23,0.001185,44.94,1,140.72,112.2,65.69,32.55,,,,0
gcn-base-d095,223023,semgcn,baseline,1e-2,,,24,0.001121,44.84,0,64.02,44.7,92.16,61.43,,,,1
gcn-base-d095,223023,semgcn,baseline,1e-2,,,25,0.001121,44.91,1,173.37,136.06,57.34,27.92,,,,0
gcn-base-d095,223023,semgcn,baseline,1e-2,,,26,0.001108,44.97,2,64.18,50.71,92.93,60.42,,,,0
gcn-base-d095,223023,semgcn,baseline,1e-2,,,27,0.001062,45.2,3,64.72,44.77,91.77,61.51,,,,0
gcn-base-d095,223023,semgcn,baseline,1e-2,,,28,0.001052,44.81,4,66.56,51.83,92.21,59.19,,,,0
gcn-base-d095,223023,semgcn,baseline,1e-2,,,29,0.001049,44.83,5,256.81,195.91,37.46,17.59,,,,0
gcn-base-d095,223023,semgcn,baseline,1e-2,,,30,0.000996,44.85,6,66.04,45.1,91.49,60.68,,,,0
gcn-base-d095,223023,semgcn,baseline,1e-2,,,31,0.001001,45.15,7,75.2,58.21,90.15,54.95,,,,0
gcn-base-d095,223023,semgcn,baseline,1e-2,,,32,0.000981,44.5,8,75.86,58.84,90.11,54.57,,,,0
gcn-base-d095,223023,semgcn,baseline,1e-2,,,33,0.00098,45.38,0,61.89,43.98,92.58,62.37,,,,1
gcn-base-d095,223023,semgcn,baseline,1e-2,,,34,0.000959,44.53,1,67.19,43.79,91.45,60.53,,,,0
gcn-base-d095,223023,semgcn,baseline,1e-2,,,35,0.00093,45.09,2,68.23,44.01,91.36,60.37,,,,0
gcn-base-d095,223023,semgcn,baseline,1e-2,,,36,0.000931,44.83,3,212.24,162.93,44.92,21.67,,,,0
gcn-base-d095,223023,semgcn,baseline,1e-2,,,37,0.000922,44.65,4,226.21,171.67,41.65,20.02,,,,0
gcn-base-d095,223023,semgcn,baseline,1e-2,,,38,0.000904,45.15,5,77.23,59.85,89.61,53.98,,,,0
gcn-base-d095,223023,semgcn,baseline,1e-2,,,39,0.000902,45.06,6,224.8,172.4,42.16,20.31,,,,0
gcn-base-d095,223023,semgcn,baseline,1e-2,,,40,0.000895,44.9,7,62.43,45.23,92.81,61.85,,,,0
gcn-base-d095,223023,semgcn,baseline,1e-2,,,41,0.000878,44.78,8,93.85,73.99,84.33,46.91,,,,0
gcn-base-d095,223023,semgcn,baseline,1e-2,,,42,0.000873,44.72,9,63.8,43.96,91.99,62.21,,,,0
gcn-base-d095,223023,semgcn,baseline,1e-2,,,43,0.000866,45.2,10,89.79,68.51,85.72,48.54,,,,0
gcn-base-d095,223023,semgcn,baseline,1e-2,,,44,0.000858,45.14,11,242.53,185.3,38.92,18.54,,,,0
gcn-base-d095,223023,semgcn,baseline,1e-2,,,45,0.000852,44.92,12,90.18,70.45,85.59,48.25,,,,0
gcn-base-d095,223023,semgcn,baseline,1e-2,,,46,0.000837,45.43,13,689.58,371.54,16.47,7.63,,,,0
gcn-base-d095,223023,semgcn,baseline,1e-2,,,47,0.000852,45.06,14,66.66,44.41,91.33,61.13,,,,0
gcn-base-d095,223023,semgcn,baseline,1e-2,,,48,0.000827,45.34,15,185.74,142.04,49.92,24.62,,,,0
gcn-base-d095,223023,semgcn,baseline,1e-2,,,49,0.000821,45.0,16,109.55,85.13,78.33,41.2,,,,0
gcn-base-d095,223023,semgcn,baseline,1e-2,,,50,0.000816,45.45,17,221.45,169.93,42.61,20.67,,,,0
gcn-dir01,226625,semgcn,baseline,1e-2,,,1,0.080462,46.07,0,240.96,191.26,43.44,19.19,,,,1
gcn-dir01,226625,semgcn,baseline,1e-2,,,2,0.021573,45.77,1,243.58,184.13,45.58,19.77,,,,0
gcn-dir01,226625,semgcn,baseline,1e-2,,,3,0.012103,45.96,0,172.32,130.6,57.35,26.91,,,,1
gcn-dir01,226625,semgcn,baseline,1e-2,,,4,0.007367,45.89,0,158.22,116.31,59.84,28.67,,,,1
gcn-dir01,226625,semgcn,baseline,1e-2,,,5,0.004947,45.1,0,155.0,106.67,61.42,29.13,,,,1
gcn-dir01,226625,semgcn,baseline,1e-2,,,6,0.003992,45.48,1,167.85,140.73,61.24,28.93,,,,0
gcn-dir01,226625,semgcn,baseline,1e-2,,,7,0.003135,44.88,0,87.47,58.05,86.73,50.94,,,,1
gcn-dir01,226625,semgcn,baseline,1e-2,,,8,0.002888,45.81,1,98.86,73.58,82.81,46.8,,,,0
gcn-dir01,226625,semgcn,baseline,1e-2,,,9,0.002443,44.55,0,83.54,54.55,88.03,52.96,,,,1
gcn-dir01,226625,semgcn,baseline,1e-2,,,10,0.002176,45.02,0,82.22,54.89,88.47,54.72,,,,1
gcn-dir01,226625,semgcn,baseline,1e-2,,,11,0.00211,45.54,1,90.72,57.12,87.37,53.04,,,,0
gcn-dir01,226625,semgcn,baseline,1e-2,,,12,0.001817,45.54,2,665.79,397.97,15.55,6.97,,,,0
gcn-dir01,226625,semgcn,baseline,1e-2,,,13,0.001848,45.36,3,86.9,73.61,85.61,49.89,,,,0
gcn-dir01,226625,semgcn,baseline,1e-2,,,14,0.001702,45.16,0,79.32,54.31,89.22,54.51,,,,1
gcn-dir01,226625,semgcn,baseline,1e-2,,,15,0.001661,45.51,0,71.01,48.56,91.06,60.27,,,,1
gcn-dir01,226625,semgcn,baseline,1e-2,,,16,0.001597,44.97,0,70.17,52.65,90.15,59.09,,,,1
gcn-dir01,226625,semgcn,baseline,1e-2,,,17,0.001453,45.6,1,72.98,55.62,90.85,55.94,,,,0
gcn-dir01,226625,semgcn,baseline,1e-2,,,18,0.001464,45.3,2,76.62,64.0,90.42,54.38,,,,0
gcn-dir01,226625,semgcn,baseline,1e-2,,,19,0.001424,45.8,3,88.79,79.34,87.26,52.47,,,,0
gcn-dir01,226625,semgcn,baseline,1e-2,,,20,0.001306,45.72,4,71.57,60.36,90.81,57.61,,,,0
gcn-dir01,226625,semgcn,baseline,1e-2,,,21,0.001315,45.57,5,185.66,158.84,63.97,31.23,,,,0
gcn-dir01,226625,semgcn,baseline,1e-2,,,22,0.001307,45.54,0,68.78,45.99,91.13,59.88,,,,1
gcn-dir01,226625,semgcn,baseline,1e-2,,,23,0.001253,46.0,1,111.74,98.71,81.85,44.27,,,,0
gcn-dir01,226625,semgcn,baseline,1e-2,,,24,0.001209,45.91,0,60.5,43.72,92.39,63.38,,,,1
gcn-dir01,226625,semgcn,baseline,1e-2,,,25,0.001148,45.72,1,154.6,135.47,73.51,37.02,,,,0
gcn-dir01,226625,semgcn,baseline,1e-2,,,26,0.001114,46.15,2,63.02,49.33,92.74,61.51,,,,0
gcn-dir01,226625,semgcn,baseline,1e-2,,,27,0.001144,45.14,3,63.69,43.11,91.84,62.51,,,,0
gcn-dir01,226625,semgcn,baseline,1e-2,,,28,0.001071,45.16,4,64.8,48.82,92.3,60.37,,,,0
gcn-dir01,226625,semgcn,baseline,1e-2,,,29,0.001055,45.03,5,267.12,212.48,44.71,20.03,,,,0
gcn-dir01,226625,semgcn,baseline,1e-2,,,30,0.001042,45.69,6,69.59,46.5,90.73,59.9,,,,0
gcn-dir01,226625,semgcn,baseline,1e-2,,,31,0.001033,45.42,7,66.9,54.77,92.07,59.73,,,,0
gcn-dir01,226625,semgcn,baseline,1e-2,,,32,0.001005,45.43,8,67.87,55.47,91.39,58.97,,,,0
gcn-dir01,226625,semgcn,baseline,1e-2,,,33,0.000988,46.13,0,59.95,42.93,92.8,63.55,,,,1
gcn-dir01,226625,semgcn,baseline,1e-2,,,34,0.000964,46.12,1,64.98,43.16,91.83,61.6,,,,0
gcn-dir01,226625,semgcn,baseline,1e-2,,,35,0.000966,44.99,2,65.11,42.19,91.43,62.09,,,,0
gcn-dir01,226625,semgcn,baseline,1e-2,,,36,0.000942,46.05,3,195.09,164.76,59.1,28.86,,,,0
gcn-dir01,226625,semgcn,baseline,1e-2,,,37,0.00094,44.72,4,210.37,174.51,54.56,25.99,,,,0
gcn-dir01,226625,semgcn,baseline,1e-2,,,38,0.000918,45.16,5,65.07,53.4,92.29,60.5,,,,0
gcn-dir01,226625,semgcn,baseline,1e-2,,,39,0.000923,45.75,6,210.59,174.15,55.04,26.36,,,,0
gcn-dir01,226625,semgcn,baseline,1e-2,,,40,0.000902,46.02,7,60.98,44.68,92.79,62.8,,,,0
gcn-dir01,226625,semgcn,baseline,1e-2,,,41,0.000884,44.64,8,78.86,67.74,89.36,55.15,,,,0
gcn-dir01,226625,semgcn,baseline,1e-2,,,42,0.000883,45.65,9,63.17,42.05,91.76,62.91,,,,0
gcn-dir01,226625,semgcn,baseline,1e-2,,,43,0.00088,45.2,10,70.07,57.64,91.35,58.08,,,,0
gcn-dir01,226625,semgcn,baseline,1e-2,,,44,0.000869,45.78,11,240.85,195.43,48.26,22.16,,,,0
gcn-dir01,226625,semgcn,baseline,1e-2,,,45,0.000863,44.86,12,72.82,62.13,90.51,57.52,,,,0
gcn-dir01,226625,semgcn,baseline,1e-2,,,46,0.000849,45.38,13,710.64,416.04,11.08,6.4,,,,0
gcn-dir01,226625,semgcn,baseline,1e-2,,,47,0.00086,45.66,14,63.5,42.24,91.63,62.85,,,,0
gcn-dir01,226625,semgcn,baseline,1e-2,,,48,0.000847,45.54,15,154.26,133.21,69.36,34.55,,,,0
gcn-dir01,226625,semgcn,baseline,1e-2,,,49,0.000826,45.67,16,81.71,71.46,88.66,54.08,,,,0
gcn-dir01,226625,semgcn,baseline,1e-2,,,50,0.000822,45.64,17,208.08,172.84,55.2,26.47,,,,0
gcn-dir03,226626,semgcn,baseline,1e-2,,,1,0.080415,41.67,0,185.38,148.13,53.74,25.25,,,,1
gcn-dir03,226626,semgcn,baseline,1e-2,,,2,0.019922,41.39,1,277.95,214.15,33.68,16.56,,,,0
gcn-dir03,226626,semgcn,baseline,1e-2,,,3,0.010676,41.39,2,241.76,198.57,50.18,23.45,,,,0
gcn-dir03,226626,semgcn,baseline,1e-2,,,4,0.006984,41.27,3,199.74,153.46,49.07,23.33,,,,0
gcn-dir03,226626,semgcn,baseline,1e-2,,,5,0.005083,41.31,0,132.29,102.9,72.56,37.06,,,,1
gcn-dir03,226626,semgcn,baseline,1e-2,,,6,0.0039,41.35,1,154.75,120.27,59.75,28.55,,,,0
gcn-dir03,226626,semgcn,baseline,1e-2,,,7,0.003414,41.39,2,143.9,101.08,67.24,33.15,,,,0
gcn-dir03,226626,semgcn,baseline,1e-2,,,8,0.003151,41.41,0,78.63,55.52,88.87,55.53,,,,1
gcn-dir03,226626,semgcn,baseline,1e-2,,,9,0.0027,41.45,1,92.77,63.57,85.85,50.36,,,,0
gcn-dir03,226626,semgcn,baseline,1e-2,,,10,0.002478,41.32,2,83.37,60.64,87.21,52.52,,,,0
gcn-dir03,226626,semgcn,baseline,1e-2,,,11,0.002167,41.44,3,106.78,75.13,80.55,44.61,,,,0
gcn-dir03,226626,semgcn,baseline,1e-2,,,12,0.00196,41.35,4,771.83,395.79,13.87,6.76,,,,0
gcn-dir03,226626,semgcn,baseline,1e-2,,,13,0.002052,41.32,5,78.95,66.95,88.62,53.93,,,,0
gcn-dir03,226626,semgcn,baseline,1e-2,,,14,0.001792,41.45,0,69.45,48.76,90.84,59.67,,,,1
gcn-dir03,226626,semgcn,baseline,1e-2,,,15,0.001673,41.39,1,75.34,48.63,89.6,58.1,,,,0
gcn-dir03,226626,semgcn,baseline,1e-2,,,16,0.001594,41.29,2,78.39,57.03,89.22,55.75,,,,0
gcn-dir03,226626,semgcn,baseline,1e-2,,,17,0.001504,41.42,0,68.95,50.72,91.35,58.61,,,,1
gcn-dir03,226626,semgcn,baseline,1e-2,,,18,0.001492,41.34,1,80.19,62.74,88.48,53.46,,,,0
gcn-dir03,226626,semgcn,baseline,1e-2,,,19,0.001403,41.34,2,113.59,87.87,77.41,41.32,,,,0
gcn-dir03,226626,semgcn,baseline,1e-2,,,20,0.001348,41.42,3,83.72,65.68,87.58,52.63,,,,0
gcn-dir03,226626,semgcn,baseline,1e-2,,,21,0.001312,41.31,4,194.16,157.47,53.87,26.12,,,,0
gcn-dir03,226626,semgcn,baseline,1e-2,,,22,0.001286,41.45,0,68.81,45.81,90.8,60.89,,,,1
gcn-dir03,226626,semgcn,baseline,1e-2,,,23,0.001256,41.3,1,121.15,103.07,77.11,40.78,,,,0
gcn-dir03,226626,semgcn,baseline,1e-2,,,24,0.001205,41.41,0,66.23,45.23,91.57,60.43,,,,1
gcn-dir03,226626,semgcn,baseline,1e-2,,,25,0.001206,41.33,1,168.26,138.13,62.9,31.33,,,,0
gcn-dir03,226626,semgcn,baseline,1e-2,,,26,0.001188,41.35,2,66.95,48.95,91.78,59.84,,,,0
gcn-dir03,226626,semgcn,baseline,1e-2,,,27,0.001135,41.38,0,65.97,45.01,91.56,61.19,,,,1
gcn-dir03,226626,semgcn,baseline,1e-2,,,28,0.001113,41.42,1,67.25,50.83,91.7,59.27,,,,0
gcn-dir03,226626,semgcn,baseline,1e-2,,,29,0.00111,41.3,2,274.52,209.94,39.64,18.63,,,,0
gcn-dir03,226626,semgcn,baseline,1e-2,,,30,0.001078,41.32,3,70.05,44.7,90.56,60.31,,,,0
gcn-dir03,226626,semgcn,baseline,1e-2,,,31,0.00107,41.36,4,67.29,52.52,92.03,59.0,,,,0
gcn-dir03,226626,semgcn,baseline,1e-2,,,32,0.001041,41.36,5,73.27,57.08,90.39,56.3,,,,0
gcn-dir03,226626,semgcn,baseline,1e-2,,,33,0.001051,41.4,0,61.82,43.94,92.51,62.57,,,,1
gcn-dir03,226626,semgcn,baseline,1e-2,,,34,0.001024,41.33,1,65.47,43.02,91.62,61.75,,,,0
gcn-dir03,226626,semgcn,baseline,1e-2,,,35,0.001004,41.3,2,69.0,42.32,90.74,60.95,,,,0
gcn-dir03,226626,semgcn,baseline,1e-2,,,36,0.000984,41.48,3,197.7,160.27,52.9,25.7,,,,0
gcn-dir03,226626,semgcn,baseline,1e-2,,,37,0.000997,41.3,4,212.11,167.36,49.59,23.89,,,,0
gcn-dir03,226626,semgcn,baseline,1e-2,,,38,0.000977,41.31,5,69.07,55.35,90.9,58.78,,,,0
gcn-dir03,226626,semgcn,baseline,1e-2,,,39,0.000969,41.37,6,215.5,171.3,48.72,23.31,,,,0
gcn-dir03,226626,semgcn,baseline,1e-2,,,40,0.000949,41.41,0,60.22,44.29,92.88,63.41,,,,1
gcn-dir03,226626,semgcn,baseline,1e-2,,,41,0.00095,41.32,1,82.95,69.46,87.66,52.97,,,,0
gcn-dir03,226626,semgcn,baseline,1e-2,,,42,0.000937,41.39,2,63.96,41.84,91.65,62.91,,,,0
gcn-dir03,226626,semgcn,baseline,1e-2,,,43,0.000925,41.35,3,79.25,62.16,88.71,53.75,,,,0
gcn-dir03,226626,semgcn,baseline,1e-2,,,44,0.00091,41.41,4,240.18,185.79,44.41,21.27,,,,0
gcn-dir03,226626,semgcn,baseline,1e-2,,,45,0.000916,41.43,5,74.92,61.51,89.86,55.98,,,,0
gcn-dir03,226626,semgcn,baseline,1e-2,,,46,0.000904,41.29,6,777.32,395.86,11.97,6.68,,,,0
gcn-dir03,226626,semgcn,baseline,1e-2,,,47,0.000899,41.43,7,66.78,43.34,91.3,61.85,,,,0
gcn-dir03,226626,semgcn,baseline,1e-2,,,48,0.000888,41.42,8,162.46,132.06,61.38,30.37,,,,0
gcn-dir03,226626,semgcn,baseline,1e-2,,,49,0.000876,41.39,9,99.56,80.3,82.22,45.87,,,,0
gcn-dir03,226626,semgcn,baseline,1e-2,,,50,0.000873,41.37,10,209.9,166.89,50.62,24.42,,,,0
gcn-dir10,226627,semgcn,baseline,1e-2,,,1,0.078706,43.84,0,339.21,292.62,28.95,13.97,,,,1
gcn-dir10,226627,semgcn,baseline,1e-2,,,2,0.018506,42.75,0,164.41,123.74,60.78,28.13,,,,1
gcn-dir10,226627,semgcn,baseline,1e-2,,,3,0.009827,42.58,1,194.2,148.42,55.13,25.71,,,,0
gcn-dir10,226627,semgcn,baseline,1e-2,,,4,0.00693,42.99,0,145.24,108.47,67.45,33.57,,,,1
gcn-dir10,226627,semgcn,baseline,1e-2,,,5,0.004733,42.95,0,116.28,89.72,75.05,39.15,,,,1
gcn-dir10,226627,semgcn,baseline,1e-2,,,6,0.003865,42.91,1,146.47,127.28,69.49,35.23,,,,0
gcn-dir10,226627,semgcn,baseline,1e-2,,,7,0.00352,42.65,2,117.63,90.99,75.42,39.43,,,,0
gcn-dir10,226627,semgcn,baseline,1e-2,,,8,0.002882,42.63,0,96.11,69.84,84.14,48.09,,,,1
gcn-dir10,226627,semgcn,baseline,1e-2,,,9,0.002581,42.54,1,117.36,85.87,76.38,41.26,,,,0
gcn-dir10,226627,semgcn,baseline,1e-2,,,10,0.002404,42.56,0,90.87,63.51,85.93,50.32,,,,1
gcn-dir10,226627,semgcn,baseline,1e-2,,,11,0.002485,42.56,0,72.81,47.95,90.3,59.01,,,,1
gcn-dir10,226627,semgcn,baseline,1e-2,,,12,0.002065,42.61,1,750.65,389.45,17.71,7.7,,,,0
gcn-dir10,226627,semgcn,baseline,1e-2,,,13,0.002006,43.17,2,86.99,71.28,86.21,50.26,,,,0
gcn-dir10,226627,semgcn,baseline,1e-2,,,14,0.001882,42.51,3,73.62,51.54,90.14,57.73,,,,0
gcn-dir10,226627,semgcn,baseline,1e-2,,,15,0.001807,42.83,0,67.92,46.85,91.18,59.68,,,,1
gcn-dir10,226627,semgcn,baseline,1e-2,,,16,0.001825,43.0,1,81.29,58.6,88.5,53.64,,,,0
gcn-dir10,226627,semgcn,baseline,1e-2,,,17,0.001646,42.58,0,65.48,48.89,92.0,60.42,,,,1
gcn-dir10,226627,semgcn,baseline,1e-2,,,18,0.001576,42.38,1,83.97,64.54,88.06,51.64,,,,0
gcn-dir10,226627,semgcn,baseline,1e-2,,,19,0.001538,42.37,2,100.83,84.13,82.42,45.7,,,,0
gcn-dir10,226627,semgcn,baseline,1e-2,,,20,0.001455,42.73,3,82.4,62.32,87.86,52.92,,,,0
gcn-dir10,226627,semgcn,baseline,1e-2,,,21,0.001457,42.78,4,173.58,139.78,61.75,29.81,,,,0
gcn-dir10,226627,semgcn,baseline,1e-2,,,22,0.001361,42.41,5,67.92,45.98,91.04,61.06,,,,0
gcn-dir10,226627,semgcn,baseline,1e-2,,,23,0.001352,42.56,6,108.99,92.42,80.48,43.7,,,,0
gcn-dir10,226627,semgcn,baseline,1e-2,,,24,0.001296,42.53,7,66.68,47.36,91.25,60.69,,,,0
gcn-dir10,226627,semgcn,baseline,1e-2,,,25,0.001285,42.65,8,145.68,119.65,69.88,35.52,,,,0
gcn-dir10,226627,semgcn,baseline,1e-2,,,26,0.001294,42.53,9,67.87,50.77,91.36,59.47,,,,0
gcn-dir10,226627,semgcn,baseline,1e-2,,,27,0.001248,42.54,0,65.06,43.64,91.56,62.42,,,,1
gcn-dir10,226627,semgcn,baseline,1e-2,,,28,0.001199,42.58,0,62.91,48.08,92.13,62.03,,,,1
gcn-dir10,226627,semgcn,baseline,1e-2,,,29,0.001197,42.61,1,242.71,187.61,46.88,21.85,,,,0
gcn-dir10,226627,semgcn,baseline,1e-2,,,30,0.001168,42.71,2,65.73,46.35,91.46,61.78,,,,0
gcn-dir10,226627,semgcn,baseline,1e-2,,,31,0.001177,42.59,3,68.91,53.91,90.83,58.98,,,,0
gcn-dir10,226627,semgcn,baseline,1e-2,,,32,0.001136,42.5,4,69.74,54.9,90.72,58.28,,,,0
gcn-dir10,226627,semgcn,baseline,1e-2,,,33,0.001121,42.63,0,61.48,43.9,92.55,63.14,,,,1
gcn-dir10,226627,semgcn,baseline,1e-2,,,34,0.001091,42.68,1,66.54,44.96,91.47,61.58,,,,0
gcn-dir10,226627,semgcn,baseline,1e-2,,,35,0.001084,43.05,2,67.37,43.46,91.34,61.21,,,,0
gcn-dir10,226627,semgcn,baseline,1e-2,,,36,0.001061,42.77,3,176.54,144.4,58.52,28.41,,,,0
gcn-dir10,226627,semgcn,baseline,1e-2,,,37,0.00107,43.02,4,190.76,152.8,53.74,26.02,,,,0
gcn-dir10,226627,semgcn,baseline,1e-2,,,38,0.001048,42.5,5,69.59,54.83,91.14,58.48,,,,0
gcn-dir10,226627,semgcn,baseline,1e-2,,,39,0.001065,42.98,6,189.9,152.45,53.98,25.99,,,,0
gcn-dir10,226627,semgcn,baseline,1e-2,,,40,0.001025,42.72,0,60.87,45.38,92.56,63.16,,,,1
gcn-dir10,226627,semgcn,baseline,1e-2,,,41,0.001007,42.66,1,79.35,65.18,88.88,54.09,,,,0
gcn-dir10,226627,semgcn,baseline,1e-2,,,42,0.001014,42.78,2,64.52,43.52,91.59,62.78,,,,0
gcn-dir10,226627,semgcn,baseline,1e-2,,,43,0.000991,42.67,3,79.39,61.78,88.79,53.8,,,,0
gcn-dir10,226627,semgcn,baseline,1e-2,,,44,0.000988,42.55,4,213.65,169.42,49.71,23.41,,,,0
gcn-dir10,226627,semgcn,baseline,1e-2,,,45,0.000978,43.06,5,75.95,62.4,89.53,55.71,,,,0
gcn-dir10,226627,semgcn,baseline,1e-2,,,46,0.00096,43.5,6,744.94,392.68,15.06,6.74,,,,0
gcn-dir10,226627,semgcn,baseline,1e-2,,,47,0.000984,43.18,7,64.75,42.98,91.59,62.83,,,,0
gcn-dir10,226627,semgcn,baseline,1e-2,,,48,0.000963,42.92,8,146.85,120.72,65.92,33.05,,,,0
gcn-dir10,226627,semgcn,baseline,1e-2,,,49,0.000944,42.82,9,89.72,73.63,85.71,49.6,,,,0
gcn-dir10,226627,semgcn,baseline,1e-2,,,50,0.000942,43.06,10,187.64,151.36,54.98,26.58,,,,0
gcn-mpjpe,226628,semgcn,baseline,1e-2,,,1,0.214394,39.95,0,193.98,133.57,46.75,20.6,,,,1
gcn-mpjpe,226628,semgcn,baseline,1e-2,,,2,0.097797,40.55,0,148.85,120.16,66.68,32.21,,,,1
gcn-mpjpe,226628,semgcn,baseline,1e-2,,,3,0.075952,41.92,1,333.51,284.98,30.39,14.93,,,,0
gcn-mpjpe,226628,semgcn,baseline,1e-2,,,4,0.067566,41.55,2,244.25,203.48,41.48,22.16,,,,0
gcn-mpjpe,226628,semgcn,baseline,1e-2,,,5,0.060519,41.48,0,120.95,85.4,73.96,38.45,,,,1
gcn-mpjpe,226628,semgcn,baseline,1e-2,,,6,0.05691,40.76,1,310.77,259.27,34.1,16.94,,,,0
gcn-mpjpe,226628,semgcn,baseline,1e-2,,,7,0.053876,40.22,0,100.97,71.74,82.76,44.71,,,,1
gcn-mpjpe,226628,semgcn,baseline,1e-2,,,8,0.051483,42.22,1,113.06,72.77,82.18,43.84,,,,0
gcn-mpjpe,226628,semgcn,baseline,1e-2,,,9,0.049256,41.58,2,124.2,93.65,75.69,41.09,,,,0
gcn-mpjpe,226628,semgcn,baseline,1e-2,,,10,0.04811,42.27,3,167.54,131.83,61.87,31.06,,,,0
gcn-mpjpe,226628,semgcn,baseline,1e-2,,,11,0.048114,40.48,4,112.03,87.79,77.72,41.54,,,,0
gcn-mpjpe,226628,semgcn,baseline,1e-2,,,12,0.045776,40.62,5,511.88,338.0,22.15,10.53,,,,0
gcn-mpjpe,226628,semgcn,baseline,1e-2,,,13,0.045236,38.96,0,84.76,68.9,87.12,51.2,,,,1
gcn-mpjpe,226628,semgcn,baseline,1e-2,,,14,0.043797,39.13,1,94.66,70.2,85.27,47.02,,,,0
gcn-mpjpe,226628,semgcn,baseline,1e-2,,,15,0.043098,40.85,2,99.24,70.92,85.31,51.93,,,,0
gcn-mpjpe,226628,semgcn,baseline,1e-2,,,16,0.042272,39.75,3,103.35,73.96,81.51,47.05,,,,0
gcn-mpjpe,226628,semgcn,baseline,1e-2,,,17,0.041771,40.16,4,90.99,70.04,84.72,49.69,,,,0
gcn-mpjpe,226628,semgcn,baseline,1e-2,,,18,0.041381,40.93,5,116.26,80.55,79.8,42.97,,,,0
gcn-mpjpe,226628,semgcn,baseline,1e-2,,,19,0.040969,41.53,6,109.28,85.71,79.31,42.34,,,,0
gcn-mpjpe,226628,semgcn,baseline,1e-2,,,20,0.040315,41.08,7,90.89,74.04,85.07,49.61,,,,0
gcn-mpjpe,226628,semgcn,baseline,1e-2,,,21,0.03981,41.27,8,179.12,143.24,55.98,26.98,,,,0
gcn-mpjpe,226628,semgcn,baseline,1e-2,,,22,0.039285,40.8,0,74.5,56.24,89.57,58.02,,,,1
gcn-mpjpe,226628,semgcn,baseline,1e-2,,,23,0.038926,41.69,1,154.87,126.48,63.99,32.14,,,,0
gcn-mpjpe,226628,semgcn,baseline,1e-2,,,24,0.038681,39.71,0,70.79,49.8,90.91,58.9,,,,1
gcn-mpjpe,226628,semgcn,baseline,1e-2,,,25,0.03831,41.1,1,173.43,139.2,59.89,28.3,,,,0
gcn-mpjpe,226628,semgcn,baseline,1e-2,,,26,0.037997,40.08,0,69.39,55.73,90.89,59.03,,,,1
gcn-mpjpe,226628,semgcn,baseline,1e-2,,,27,0.037569,40.9,1,70.42,52.32,90.34,59.41,,,,0
gcn-mpjpe,226628,semgcn,baseline,1e-2,,,28,0.037325,40.36,2,74.12,58.78,89.81,57.08,,,,0
gcn-mpjpe,226628,semgcn,baseline,1e-2,,,29,0.03732,40.57,3,244.26,186.14,41.65,20.07,,,,0
gcn-mpjpe,226628,semgcn,baseline,1e-2,,,30,0.036703,40.77,4,77.12,56.25,89.11,57.83,,,,0
gcn-mpjpe,226628,semgcn,baseline,1e-2,,,31,0.036775,41.03,5,88.46,62.64,87.67,52.39,,,,0
gcn-mpjpe,226628,semgcn,baseline,1e-2,,,32,0.036451,42.82,6,80.58,62.62,88.63,54.11,,,,0
gcn-mpjpe,226628,semgcn,baseline,1e-2,,,33,0.0361,42.04,7,75.0,51.66,89.73,57.44,,,,0
gcn-mpjpe,226628,semgcn,baseline,1e-2,,,34,0.035943,43.15,8,75.88,55.42,88.94,56.64,,,,0
gcn-mpjpe,226628,semgcn,baseline,1e-2,,,35,0.036179,41.76,0,69.37,47.88,90.03,61.37,,,,1
gcn-mpjpe,226628,semgcn,baseline,1e-2,,,36,0.035715,39.25,1,194.65,154.35,50.06,24.19,,,,0
gcn-mpjpe,226628,semgcn,baseline,1e-2,,,37,0.035558,40.76,2,205.61,161.28,48.88,23.31,,,,0
gcn-mpjpe,226628,semgcn,baseline,1e-2,,,38,0.03519,40.45,3,79.7,62.32,88.5,53.95,,,,0
gcn-mpjpe,226628,semgcn,baseline,1e-2,,,39,0.035171,40.89,4,212.75,167.16,47.04,22.49,,,,0
gcn-mpjpe,226628,semgcn,baseline,1e-2,,,40,0.035008,40.42,0,66.18,50.12,91.86,60.49,,,,1
gcn-mpjpe,226628,semgcn,baseline,1e-2,,,41,0.034696,41.15,1,80.28,65.59,88.16,54.25,,,,0
gcn-mpjpe,226628,semgcn,baseline,1e-2,,,42,0.034682,40.48,2,74.83,53.4,89.64,57.56,,,,0
gcn-mpjpe,226628,semgcn,baseline,1e-2,,,43,0.034595,40.53,3,84.88,68.66,87.08,51.86,,,,0
gcn-mpjpe,226628,semgcn,baseline,1e-2,,,44,0.03444,42.39,4,225.75,175.74,44.36,21.02,,,,0
gcn-mpjpe,226628,semgcn,baseline,1e-2,,,45,0.034255,42.76,5,80.54,64.76,88.33,53.63,,,,0
gcn-mpjpe,226628,semgcn,baseline,1e-2,,,46,0.034183,42.73,6,699.08,381.16,14.83,7.48,,,,0
gcn-mpjpe,226628,semgcn,baseline,1e-2,,,47,0.034139,42.96,0,65.23,46.16,90.97,62.48,,,,1
gcn-mpjpe,226628,semgcn,baseline,1e-2,,,48,0.034022,42.87,1,161.8,129.91,60.15,29.9,,,,0
gcn-mpjpe,226628,semgcn,baseline,1e-2,,,49,0.033919,42.95,2,93.22,76.57,84.36,48.89,,,,0
gcn-mpjpe,226628,semgcn,baseline,1e-2,,,50,0.033736,42.77,3,205.36,162.33,48.68,23.37,,,,0
gcn-seal-d095-ll1e4,223032,semgcn,dynamic,1e-2,1e-4,1e-4,1,0.082966,215.04,0,248.84,198.59,40.69,18.29,-0.0001734,4.557357,0.77,1
gcn-seal-d095-ll1e4,223032,semgcn,dynamic,1e-2,1e-4,1e-4,2,0.02438,195.72,1,335.42,243.13,33.09,14.45,-5.177e-05,3.780396,2.161,0
gcn-seal-d095-ll1e4,223032,semgcn,dynamic,1e-2,1e-4,1e-4,3,0.013342,197.05,0,144.27,110.11,67.69,32.15,-1.331e-05,3.85621,2.798,1
gcn-seal-d095-ll1e4,223032,semgcn,dynamic,1e-2,1e-4,1e-4,4,0.007008,196.06,1,638.02,381.15,15.05,7.36,7.004e-06,4.545423,0.371,0
gcn-seal-d095-ll1e4,223032,semgcn,dynamic,1e-2,1e-4,1e-4,5,0.005085,196.54,0,135.23,98.13,68.67,34.89,1.182e-05,5.972617,2.594,1
gcn-seal-d095-ll1e4,223032,semgcn,dynamic,1e-2,1e-4,1e-4,6,0.004096,195.48,0,96.45,72.96,83.08,46.18,1.397e-05,9.065927,2.749,1
gcn-seal-d095-ll1e4,223032,semgcn,dynamic,1e-2,1e-4,1e-4,7,0.003381,197.42,0,84.82,59.44,88.21,54.32,1.083e-05,9.779923,2.694,1
gcn-seal-d095-ll1e4,223032,semgcn,dynamic,1e-2,1e-4,1e-4,8,0.002796,196.97,1,97.53,73.17,83.12,45.44,1.235e-05,10.939474,2.76,0
gcn-seal-d095-ll1e4,223032,semgcn,dynamic,1e-2,1e-4,1e-4,9,0.002761,197.48,2,280.65,209.61,44.39,21.1,1.037e-05,12.394405,1.788,0
gcn-seal-d095-ll1e4,223032,semgcn,dynamic,1e-2,1e-4,1e-4,10,0.002318,196.57,3,114.43,94.07,76.88,40.0,1.324e-05,13.464022,2.629,0
gcn-seal-d095-ll1e4,223032,semgcn,dynamic,1e-2,1e-4,1e-4,11,0.002111,196.76,0,81.71,55.37,87.94,52.9,1.562e-05,14.674378,2.743,1
gcn-seal-d095-ll1e4,223032,semgcn,dynamic,1e-2,1e-4,1e-4,12,0.001974,197.01,1,133.73,113.27,72.63,36.76,1.648e-05,16.363627,2.442,0
gcn-seal-d095-ll1e4,223032,semgcn,dynamic,1e-2,1e-4,1e-4,13,0.001896,196.86,0,73.77,52.56,90.04,56.24,1.985e-05,15.101988,1.457,1
gcn-seal-d095-ll1e4,223032,semgcn,dynamic,1e-2,1e-4,1e-4,14,0.001701,196.91,1,611.23,349.59,16.4,8.03,2.149e-05,16.335585,2.706,0
gcn-seal-d095-ll1e4,223032,semgcn,dynamic,1e-2,1e-4,1e-4,15,0.001637,197.69,2,718.81,414.48,12.68,7.05,2.361e-05,18.00188,2.518,0
gcn-seal-d095-ll1e4,223032,semgcn,dynamic,1e-2,1e-4,1e-4,16,0.001609,199.16,3,203.67,162.44,54.78,26.44,2.723e-05,19.042266,2.335,0
gcn-seal-d095-ll1e4,223032,semgcn,dynamic,1e-2,1e-4,1e-4,17,0.001479,198.28,4,81.32,53.66,89.03,55.04,2.838e-05,20.88884,2.809,0
gcn-seal-d095-ll1e4,223032,semgcn,dynamic,1e-2,1e-4,1e-4,18,0.001439,198.17,5,203.31,159.35,52.59,25.36,2.825e-05,22.210452,2.746,0
gcn-seal-d095-ll1e4,223032,semgcn,dynamic,1e-2,1e-4,1e-4,19,0.001393,197.31,6,180.21,142.52,56.62,28.03,2.994e-05,25.581891,2.724,0
gcn-seal-d095-ll1e4,223032,semgcn,dynamic,1e-2,1e-4,1e-4,20,0.001339,196.85,7,134.87,112.87,70.05,35.48,3.18e-05,27.77394,2.774,0
gcn-seal-d095-ll1e4,223032,semgcn,dynamic,1e-2,1e-4,1e-4,21,0.001303,197.21,8,96.12,79.2,85.0,47.21,3.792e-05,30.445013,2.605,0
gcn-seal-d095-ll1e4,223032,semgcn,dynamic,1e-2,1e-4,1e-4,22,0.001264,199.09,0,70.93,50.89,90.75,57.94,3.664e-05,29.524084,2.536,1
gcn-seal-d095-ll1e4,223032,semgcn,dynamic,1e-2,1e-4,1e-4,23,0.001242,200.17,0,69.64,46.21,90.96,59.73,3.558e-05,30.876639,2.512,1
gcn-seal-d095-ll1e4,223032,semgcn,dynamic,1e-2,1e-4,1e-4,24,0.001204,199.74,1,74.18,59.32,90.86,55.41,3.796e-05,34.165751,2.515,0
gcn-seal-d095-ll1e4,223032,semgcn,dynamic,1e-2,1e-4,1e-4,25,0.001176,199.82,2,73.42,50.55,90.51,58.66,4.069e-05,38.778795,2.538,0
gcn-seal-d095-ll1e4,223032,semgcn,dynamic,1e-2,1e-4,1e-4,26,0.001151,198.68,3,99.13,81.29,82.96,44.9,4.223e-05,41.053243,2.479,0
gcn-seal-d095-ll1e4,223032,semgcn,dynamic,1e-2,1e-4,1e-4,27,0.001091,199.12,4,652.93,401.79,10.64,7.07,3.638e-05,43.069126,2.546,0
gcn-seal-d095-ll1e4,223032,semgcn,dynamic,1e-2,1e-4,1e-4,28,0.001145,198.66,0,64.92,49.72,92.38,60.2,4.413e-05,45.497689,2.435,1
gcn-seal-d095-ll1e4,223032,semgcn,dynamic,1e-2,1e-4,1e-4,29,0.001096,199.03,1,98.61,83.43,83.68,46.74,4.283e-05,44.407643,2.471,0
gcn-seal-d095-ll1e4,223032,semgcn,dynamic,1e-2,1e-4,1e-4,30,0.001056,198.67,2,68.14,47.92,91.51,59.17,3.818e-05,49.022224,2.606,0
gcn-seal-d095-ll1e4,223032,semgcn,dynamic,1e-2,1e-4,1e-4,31,0.001041,198.96,3,66.32,48.91,92.11,59.87,3.989e-05,49.567705,2.547,0
gcn-seal-d095-ll1e4,223032,semgcn,dynamic,1e-2,1e-4,1e-4,32,0.001014,199.11,4,68.04,45.29,91.53,59.93,3.798e-05,56.793801,2.529,0
gcn-seal-d095-ll1e4,223032,semgcn,dynamic,1e-2,1e-4,1e-4,33,0.001022,198.54,5,78.52,61.84,89.58,53.8,3.59e-05,53.065924,2.494,0
gcn-seal-d095-ll1e4,223032,semgcn,dynamic,1e-2,1e-4,1e-4,34,0.000992,199.2,6,139.83,116.67,67.56,33.78,3.703e-05,53.556965,2.458,0
gcn-seal-d095-ll1e4,223032,semgcn,dynamic,1e-2,1e-4,1e-4,35,0.000991,199.96,0,63.98,44.03,92.25,61.46,3.719e-05,55.020551,2.481,1
gcn-seal-d095-ll1e4,223032,semgcn,dynamic,1e-2,1e-4,1e-4,36,0.000977,200.86,0,63.34,50.82,93.22,60.82,3.285e-05,57.563156,2.501,1
gcn-seal-d095-ll1e4,223032,semgcn,dynamic,1e-2,1e-4,1e-4,37,0.000961,200.92,1,64.45,44.7,92.27,60.89,3.366e-05,55.26462,2.41,0
gcn-seal-d095-ll1e4,223032,semgcn,dynamic,1e-2,1e-4,1e-4,38,0.000957,200.67,2,210.22,167.16,48.33,23.13,3.178e-05,59.337291,2.436,0
gcn-seal-d095-ll1e4,223032,semgcn,dynamic,1e-2,1e-4,1e-4,39,0.000942,200.8,3,261.31,197.07,38.42,18.1,3.782e-05,65.337218,2.489,0
gcn-seal-d095-ll1e4,223032,semgcn,dynamic,1e-2,1e-4,1e-4,40,0.000931,199.95,4,64.42,44.31,91.78,61.44,3.747e-05,65.373752,2.488,0
gcn-seal-d095-ll1e4,223032,semgcn,dynamic,1e-2,1e-4,1e-4,41,0.000918,200.0,5,66.84,47.92,91.78,59.84,3.39e-05,64.567838,2.441,0
gcn-seal-d095-ll1e4,223032,semgcn,dynamic,1e-2,1e-4,1e-4,42,0.000916,201.28,6,64.94,46.91,92.22,60.73,3.819e-05,63.651989,2.379,0
gcn-seal-d095-ll1e4,223032,semgcn,dynamic,1e-2,1e-4,1e-4,43,0.000902,201.4,0,63.16,43.79,92.11,62.05,3.038e-05,74.151169,2.451,1
gcn-seal-d095-ll1e4,223032,semgcn,dynamic,1e-2,1e-4,1e-4,44,0.000904,201.63,1,64.26,44.01,91.67,61.82,3.402e-05,76.499813,2.425,0
gcn-seal-d095-ll1e4,223032,semgcn,dynamic,1e-2,1e-4,1e-4,45,0.000895,201.83,2,63.74,45.37,92.14,61.61,3.551e-05,81.46904,2.476,0
gcn-seal-d095-ll1e4,223032,semgcn,dynamic,1e-2,1e-4,1e-4,46,0.00088,201.69,3,64.96,43.48,91.83,61.44,3.4e-05,82.465689,2.436,0
gcn-seal-d095-ll1e4,223032,semgcn,dynamic,1e-2,1e-4,1e-4,47,0.000871,202.21,4,67.02,50.29,91.93,59.29,3.752e-05,82.477057,2.385,0
gcn-seal-d095-ll1e4,223032,semgcn,dynamic,1e-2,1e-4,1e-4,48,0.00087,201.57,5,66.48,44.48,91.31,61.2,3.579e-05,83.145845,2.392,0
gcn-seal-d095-ll1e4,223032,semgcn,dynamic,1e-2,1e-4,1e-4,49,0.000862,201.93,6,65.63,43.55,91.21,62.2,3.349e-05,78.308725,2.288,0
gcn-seal-d095-ll1e4,223032,semgcn,dynamic,1e-2,1e-4,1e-4,50,0.000855,201.5,7,141.9,117.27,67.16,33.56,3.201e-05,78.200632,2.383,0
gcn-seal-negang,227231,semgcn,dynamic,1e-2,1e-4,1e-4,1,0.086947,104.17,0,286.27,206.22,30.36,13.46,1.102e-05,1.208876,0.809,1
gcn-seal-negang,227231,semgcn,dynamic,1e-2,1e-4,1e-4,2,0.022411,101.59,0,181.21,135.36,55.63,25.39,3.944e-05,1.200096,1.244,1
gcn-seal-negang,227231,semgcn,dynamic,1e-2,1e-4,1e-4,3,0.012638,102.31,1,214.76,153.22,42.8,18.37,3.33e-05,1.003206,1.257,0
gcn-seal-negang,227231,semgcn,dynamic,1e-2,1e-4,1e-4,4,0.008139,101.64,2,211.14,155.26,50.98,22.19,2.902e-05,1.260622,0.734,0
gcn-seal-negang,227231,semgcn,dynamic,1e-2,1e-4,1e-4,5,0.005346,102.25,3,212.81,171.32,49.61,23.96,2.443e-05,1.400529,0.916,0
gcn-seal-negang,227231,semgcn,dynamic,1e-2,1e-4,1e-4,6,0.00398,101.78,0,109.27,77.97,80.56,42.89,2.136e-05,0.891964,1.258,1
gcn-seal-negang,227231,semgcn,dynamic,1e-2,1e-4,1e-4,7,0.003273,101.69,1,123.15,85.15,74.97,37.64,2.919e-05,0.853813,0.378,0
gcn-seal-negang,227231,semgcn,dynamic,1e-2,1e-4,1e-4,8,0.002977,101.94,2,260.63,216.12,39.12,16.93,3.325e-05,0.832769,0.484,0
gcn-seal-negang,227231,semgcn,dynamic,1e-2,1e-4,1e-4,9,0.002712,102.33,0,91.89,71.81,85.1,48.19,3.973e-05,1.20058,0.868,1
gcn-seal-negang,227231,semgcn,dynamic,1e-2,1e-4,1e-4,10,0.002347,101.92,0,71.13,52.5,90.19,57.91,4.526e-05,1.055755,0.679,1
gcn-seal-negang,227231,semgcn,dynamic,1e-2,1e-4,1e-4,11,0.002194,101.76,1,112.19,86.7,76.41,40.72,5.373e-05,1.166081,0.34,0
gcn-seal-negang,227231,semgcn,dynamic,1e-2,1e-4,1e-4,12,0.001914,102.15,2,92.36,62.56,85.53,49.79,5.224e-05,1.201031,0.739,0
gcn-seal-negang,227231,semgcn,dynamic,1e-2,1e-4,1e-4,13,0.001784,101.66,3,101.93,83.85,81.91,44.74,4.941e-05,1.063892,0.537,0
gcn-seal-negang,227231,semgcn,dynamic,1e-2,1e-4,1e-4,14,0.001752,101.97,4,119.6,98.98,76.18,39.52,5.321e-05,1.184158,0.622,0
gcn-seal-negang,227231,semgcn,dynamic,1e-2,1e-4,1e-4,15,0.001705,101.6,5,85.71,57.96,87.75,53.63,5.924e-05,1.069403,0.472,0
gcn-seal-negang,227231,semgcn,dynamic,1e-2,1e-4,1e-4,16,0.001628,101.71,6,76.61,58.03,89.37,54.43,5.951e-05,1.309805,0.438,0
gcn-seal-negang,227231,semgcn,dynamic,1e-2,1e-4,1e-4,17,0.001545,101.83,7,156.65,127.79,68.18,33.58,5.786e-05,1.148672,0.346,0
gcn-seal-negang,227231,semgcn,dynamic,1e-2,1e-4,1e-4,18,0.001517,101.75,8,113.86,96.15,78.6,41.96,5.819e-05,1.182653,0.311,0
gcn-seal-negang,227231,semgcn,dynamic,1e-2,1e-4,1e-4,19,0.001396,101.59,9,79.2,57.46,89.45,52.84,5.458e-05,1.182842,0.287,0
gcn-seal-negang,227231,semgcn,dynamic,1e-2,1e-4,1e-4,20,0.001383,101.85,10,74.84,61.18,90.69,56.02,5.445e-05,1.227335,0.578,0
gcn-seal-negang,227231,semgcn,dynamic,1e-2,1e-4,1e-4,21,0.001385,101.77,11,79.54,61.68,89.05,53.11,5.327e-05,0.971278,0.483,0
gcn-seal-negang,227231,semgcn,dynamic,1e-2,1e-4,1e-4,22,0.001291,101.67,12,257.71,204.13,41.29,19.59,4.79e-05,0.932583,0.914,0
gcn-seal-negang,227231,semgcn,dynamic,1e-2,1e-4,1e-4,23,0.001308,101.71,13,71.77,48.39,90.73,59.54,5.229e-05,1.101092,0.243,0
gcn-seal-negang,227231,semgcn,dynamic,1e-2,1e-4,1e-4,24,0.001248,101.43,14,193.35,157.05,52.42,25.15,5.062e-05,1.055694,0.394,0
gcn-seal-negang,227231,semgcn,dynamic,1e-2,1e-4,1e-4,25,0.001208,101.6,15,201.77,161.55,51.05,24.56,5.46e-05,1.121306,0.483,0
gcn-seal-negang,227231,semgcn,dynamic,1e-2,1e-4,1e-4,26,0.001175,101.44,16,630.94,363.65,16.04,8.76,4.928e-05,0.92403,0.254,0
gcn-seal-negang,227231,semgcn,dynamic,1e-2,1e-4,1e-4,27,0.001149,101.92,0,63.56,47.36,92.32,61.72,4.486e-05,1.075194,0.134,1
gcn-seal-negang,227231,semgcn,dynamic,1e-2,1e-4,1e-4,28,0.001119,101.59,1,68.17,51.67,91.39,59.03,4.659e-05,1.0409,0.205,0
gcn-seal-negang,227231,semgcn,dynamic,1e-2,1e-4,1e-4,29,0.001114,101.98,2,74.86,62.05,90.35,55.64,4.277e-05,1.043135,0.432,0
gcn-seal-negang,227231,semgcn,dynamic,1e-2,1e-4,1e-4,30,0.001057,101.7,3,832.95,431.14,13.3,7.95,4.159e-05,0.71033,0.154,0
gcn-seal-negang,227231,semgcn,dynamic,1e-2,1e-4,1e-4,31,0.001092,101.76,4,698.21,414.44,14.4,7.87,4.079e-05,1.114822,0.087,0
gcn-seal-negang,227231,semgcn,dynamic,1e-2,1e-4,1e-4,32,0.0011,101.73,5,120.96,104.7,77.77,41.49,3.763e-05,0.945433,0.41,0
gcn-seal-negang,227231,semgcn,dynamic,1e-2,1e-4,1e-4,33,0.001016,101.76,6,90.42,76.39,86.39,49.24,3.601e-05,0.971411,0.18,0
gcn-seal-negang,227231,semgcn,dynamic,1e-2,1e-4,1e-4,34,0.001028,101.72,7,73.26,59.09,90.61,56.35,4.007e-05,0.99776,0.149,0
gcn-seal-negang,227231,semgcn,dynamic,1e-2,1e-4,1e-4,35,0.00104,101.8,8,67.59,44.02,91.29,60.81,3.946e-05,1.04266,0.245,0
gcn-seal-negang,227231,semgcn,dynamic,1e-2,1e-4,1e-4,36,0.001024,101.64,9,68.65,51.07,91.14,58.9,3.432e-05,1.002256,0.417,0
gcn-seal-negang,227231,semgcn,dynamic,1e-2,1e-4,1e-4,37,0.000975,101.9,10,82.03,67.91,88.49,52.96,3.343e-05,0.903104,0.211,0
gcn-seal-negang,227231,semgcn,dynamic,1e-2,1e-4,1e-4,38,0.000953,101.64,11,73.8,62.45,90.69,56.03,3.187e-05,1.048355,0.256,0
gcn-seal-negang,227231,semgcn,dynamic,1e-2,1e-4,1e-4,39,0.000955,101.88,12,84.01,70.33,88.32,51.74,3.238e-05,1.054776,0.211,0
gcn-seal-negang,227231,semgcn,dynamic,1e-2,1e-4,1e-4,40,0.000971,101.68,13,87.57,73.16,87.0,50.46,3.005e-05,0.940018,0.501,0
gcn-seal-negang,227231,semgcn,dynamic,1e-2,1e-4,1e-4,41,0.000936,101.47,14,64.34,44.82,91.84,61.47,2.71e-05,1.040523,0.424,0
gcn-seal-negang,227231,semgcn,dynamic,1e-2,1e-4,1e-4,42,0.000934,101.93,15,178.99,145.41,55.89,27.25,2.648e-05,1.07211,0.319,0
gcn-seal-negang,227231,semgcn,dynamic,1e-2,1e-4,1e-4,43,0.000923,101.69,0,60.47,43.16,92.79,63.35,2.785e-05,1.084685,0.407,1
gcn-seal-negang,227231,semgcn,dynamic,1e-2,1e-4,1e-4,44,0.000928,101.84,1,67.6,55.03,91.74,59.26,2.864e-05,1.082071,0.197,0
gcn-seal-negang,227231,semgcn,dynamic,1e-2,1e-4,1e-4,45,0.000896,101.43,2,77.99,66.16,89.5,54.7,2.734e-05,1.228861,0.147,0
gcn-seal-negang,227231,semgcn,dynamic,1e-2,1e-4,1e-4,46,0.000891,101.26,3,111.52,94.55,79.39,42.0,2.366e-05,1.120725,0.236,0
gcn-seal-negang,227231,semgcn,dynamic,1e-2,1e-4,1e-4,47,0.000913,101.09,4,346.33,247.76,31.07,13.93,2.553e-05,0.91194,0.387,0
gcn-seal-negang,227231,semgcn,dynamic,1e-2,1e-4,1e-4,48,0.000893,101.14,5,156.19,127.95,63.25,31.53,2.473e-05,1.125424,0.224,0
gcn-seal-negang,227231,semgcn,dynamic,1e-2,1e-4,1e-4,49,0.00088,102.29,6,82.43,69.49,88.73,53.04,1.977e-05,0.653794,0.048,0
gcn-seal-negang,227231,semgcn,dynamic,1e-2,1e-4,1e-4,50,0.000874,101.77,7,87.44,73.61,87.48,50.65,2.293e-05,0.801128,0.046,0
gcn-seal-neggau,227232,semgcn,dynamic,1e-2,1e-4,1e-4,1,0.086629,105.96,0,289.14,205.38,35.56,14.77,1.403e-05,1.752886,0.357,1
gcn-seal-neggau,227232,semgcn,dynamic,1e-2,1e-4,1e-4,2,0.022353,102.51,0,181.03,137.99,54.41,23.92,3.97e-05,1.166218,1.265,1
gcn-seal-neggau,227232,semgcn,dynamic,1e-2,1e-4,1e-4,3,0.012459,103.53,1,226.87,175.65,35.67,15.85,4.624e-05,1.358339,1.115,0
gcn-seal-neggau,227232,semgcn,dynamic,1e-2,1e-4,1e-4,4,0.007321,103.17,0,112.15,85.77,77.34,39.42,4.989e-05,1.390327,0.62,1
gcn-seal-neggau,227232,semgcn,dynamic,1e-2,1e-4,1e-4,5,0.005359,103.58,1,211.74,144.03,43.61,20.61,6.346e-05,1.289388,1.29,0
gcn-seal-neggau,227232,semgcn,dynamic,1e-2,1e-4,1e-4,6,0.00421,103.69,2,126.18,90.1,73.94,37.33,7.138e-05,1.634059,0.909,0
gcn-seal-neggau,227232,semgcn,dynamic,1e-2,1e-4,1e-4,7,0.003463,103.55,3,116.5,80.83,77.9,40.01,7.104e-05,1.28461,1.128,0
gcn-seal-neggau,227232,semgcn,dynamic,1e-2,1e-4,1e-4,8,0.003021,103.98,4,249.45,194.74,44.3,20.02,6.65e-05,1.372485,0.716,0
gcn-seal-neggau,227232,semgcn,dynamic,1e-2,1e-4,1e-4,9,0.002638,104.18,0,101.57,81.13,81.3,44.82,6.773e-05,1.430279,0.614,1
gcn-seal-neggau,227232,semgcn,dynamic,1e-2,1e-4,1e-4,10,0.002283,103.06,0,95.35,68.39,84.29,48.43,6.398e-05,1.136587,0.474,1
gcn-seal-neggau,227232,semgcn,dynamic,1e-2,1e-4,1e-4,11,0.002171,103.68,0,76.56,59.0,89.51,54.49,6.513e-05,1.419578,0.84,1
gcn-seal-neggau,227232,semgcn,dynamic,1e-2,1e-4,1e-4,12,0.002085,103.81,1,95.32,71.82,84.54,47.02,7.28e-05,1.360697,0.514,0
gcn-seal-neggau,227232,semgcn,dynamic,1e-2,1e-4,1e-4,13,0.001807,103.72,2,111.95,92.14,81.21,43.6,6.272e-05,1.400946,0.506,0
gcn-seal-neggau,227232,semgcn,dynamic,1e-2,1e-4,1e-4,14,0.001685,104.38,3,130.42,103.91,71.24,35.67,5.916e-05,1.290673,0.251,0
gcn-seal-neggau,227232,semgcn,dynamic,1e-2,1e-4,1e-4,15,0.001698,104.9,4,86.53,56.62,88.23,55.03,6.165e-05,1.117052,0.239,0
gcn-seal-neggau,227232,semgcn,dynamic,1e-2,1e-4,1e-4,16,0.001553,104.22,0,69.93,49.97,90.98,58.66,5.809e-05,1.202339,0.215,1
gcn-seal-neggau,227232,semgcn,dynamic,1e-2,1e-4,1e-4,17,0.001594,104.49,1,193.92,147.3,56.6,26.87,5.532e-05,1.187067,0.539,0
gcn-seal-neggau,227232,semgcn,dynamic,1e-2,1e-4,1e-4,18,0.001499,103.92,2,125.3,103.84,74.49,37.95,5.583e-05,1.233777,0.52,0
gcn-seal-neggau,227232,semgcn,dynamic,1e-2,1e-4,1e-4,19,0.001422,104.32,3,74.76,56.65,89.84,55.4,5.404e-05,1.256451,0.521,0
gcn-seal-neggau,227232,semgcn,dynamic,1e-2,1e-4,1e-4,20,0.001384,103.86,4,74.29,59.58,90.48,55.94,5.617e-05,1.249512,0.704,0
gcn-seal-neggau,227232,semgcn,dynamic,1e-2,1e-4,1e-4,21,0.001351,104.17,5,78.44,64.66,89.53,54.16,5.709e-05,1.089294,0.194,0
gcn-seal-neggau,227232,semgcn,dynamic,1e-2,1e-4,1e-4,22,0.001234,104.44,6,273.41,201.11,38.08,17.83,4.979e-05,1.114164,0.457,0
gcn-seal-neggau,227232,semgcn,dynamic,1e-2,1e-4,1e-4,23,0.001289,104.13,0,67.35,46.81,91.61,60.11,4.24e-05,1.14877,0.642,1
gcn-seal-neggau,227232,semgcn,dynamic,1e-2,1e-4,1e-4,24,0.0012,104.55,1,208.9,161.05,51.06,24.42,4.528e-05,1.11281,0.666,0
gcn-seal-neggau,227232,semgcn,dynamic,1e-2,1e-4,1e-4,25,0.001181,103.48,2,219.91,167.76,46.58,22.11,4.994e-05,1.094892,0.298,0
gcn-seal-neggau,227232,semgcn,dynamic,1e-2,1e-4,1e-4,26,0.001135,103.83,3,455.03,305.37,23.59,10.38,4.38e-05,0.814411,0.288,0
gcn-seal-neggau,227232,semgcn,dynamic,1e-2,1e-4,1e-4,27,0.001142,103.84,4,72.23,52.43,90.85,57.78,5.125e-05,1.31625,0.555,0
gcn-seal-neggau,227232,semgcn,dynamic,1e-2,1e-4,1e-4,28,0.00109,104.22,5,70.58,52.44,91.2,57.44,4.715e-05,0.973091,0.135,0
gcn-seal-neggau,227232,semgcn,dynamic,1e-2,1e-4,1e-4,29,0.001095,104.27,6,83.66,68.45,88.13,51.39,4.462e-05,1.055706,0.289,0
gcn-seal-neggau,227232,semgcn,dynamic,1e-2,1e-4,1e-4,30,0.001037,103.49,7,731.03,421.63,15.43,7.05,4.833e-05,0.78807,0.732,0
gcn-seal-neggau,227232,semgcn,dynamic,1e-2,1e-4,1e-4,31,0.001048,103.8,8,734.26,377.85,17.13,7.8,4.533e-05,1.191416,0.265,0
gcn-seal-neggau,227232,semgcn,dynamic,1e-2,1e-4,1e-4,32,0.00104,104.19,9,125.14,105.48,75.07,38.78,4.493e-05,1.128371,0.392,0
gcn-seal-neggau,227232,semgcn,dynamic,1e-2,1e-4,1e-4,33,0.001009,104.09,10,103.85,84.06,81.38,43.35,3.139e-05,0.816023,0.255,0
gcn-seal-neggau,227232,semgcn,dynamic,1e-2,1e-4,1e-4,34,0.001012,103.87,11,77.34,62.52,89.81,54.47,3.245e-05,0.743077,0.116,0
gcn-seal-neggau,227232,semgcn,dynamic,1e-2,1e-4,1e-4,35,0.00098,104.56,0,66.28,45.83,91.43,61.12,3.927e-05,0.969347,0.154,1
gcn-seal-neggau,227232,semgcn,dynamic,1e-2,1e-4,1e-4,36,0.000968,104.85,1,76.64,56.71,89.76,55.32,4.509e-05,1.033235,0.269,0
gcn-seal-neggau,227232,semgcn,dynamic,1e-2,1e-4,1e-4,37,0.000967,104.2,2,88.63,72.73,86.45,49.75,4.058e-05,0.850273,0.581,0
gcn-seal-neggau,227232,semgcn,dynamic,1e-2,1e-4,1e-4,38,0.000943,104.11,3,79.21,66.02,89.51,53.42,3.719e-05,0.898253,0.136,0
gcn-seal-neggau,227232,semgcn,dynamic,1e-2,1e-4,1e-4,39,0.000947,104.15,4,89.38,73.56,86.75,49.15,3.741e-05,0.994083,0.576,0
gcn-seal-neggau,227232,semgcn,dynamic,1e-2,1e-4,1e-4,40,0.000925,104.16,5,95.6,79.32,83.76,46.85,3.645e-05,0.916111,0.123,0
gcn-seal-neggau,227232,semgcn,dynamic,1e-2,1e-4,1e-4,41,0.000922,104.5,6,67.77,48.81,91.55,59.73,3.733e-05,0.958428,0.222,0
gcn-seal-neggau,227232,semgcn,dynamic,1e-2,1e-4,1e-4,42,0.000905,104.0,7,194.32,153.06,51.82,24.88,3.548e-05,0.840481,0.088,0
gcn-seal-neggau,227232,semgcn,dynamic,1e-2,1e-4,1e-4,43,0.000898,103.51,0,63.43,44.19,92.02,62.44,3.637e-05,0.933874,0.171,1
gcn-seal-neggau,227232,semgcn,dynamic,1e-2,1e-4,1e-4,44,0.000892,103.9,1,72.48,57.92,91.21,56.62,3.03e-05,0.881159,0.21,0
gcn-seal-neggau,227232,semgcn,dynamic,1e-2,1e-4,1e-4,45,0.000878,103.39,2,87.96,72.32,86.56,49.85,3.188e-05,0.863886,0.072,0
gcn-seal-neggau,227232,semgcn,dynamic,1e-2,1e-4,1e-4,46,0.000869,103.61,3,120.38,100.49,75.98,39.21,2.424e-05,0.878583,0.167,0
gcn-seal-neggau,227232,semgcn,dynamic,1e-2,1e-4,1e-4,47,0.000875,103.67,4,380.4,263.87,26.36,11.9,2.706e-05,0.756389,0.072,0
gcn-seal-neggau,227232,semgcn,dynamic,1e-2,1e-4,1e-4,48,0.000865,103.87,5,169.84,136.39,57.91,28.16,2.906e-05,0.894312,0.106,0
gcn-seal-neggau,227232,semgcn,dynamic,1e-2,1e-4,1e-4,49,0.000867,103.93,6,89.08,74.08,86.46,49.68,2.925e-05,0.798216,0.028,0
gcn-seal-neggau,227232,semgcn,dynamic,1e-2,1e-4,1e-4,50,0.000847,104.01,7,96.1,79.67,84.21,46.68,2.74e-05,0.777703,0.062,0
gcn-seal-ref,227230,semgcn,dynamic,1e-2,1e-4,1e-4,1,0.086112,94.82,0,278.22,209.87,30.56,13.5,-0.0001208,2.392147,0.232,1
gcn-seal-ref,227230,semgcn,dynamic,1e-2,1e-4,1e-4,2,0.022528,92.24,1,344.9,278.17,23.3,10.93,-2.242e-05,1.93095,1.317,0
gcn-seal-ref,227230,semgcn,dynamic,1e-2,1e-4,1e-4,3,0.012623,92.88,0,205.91,149.83,51.65,23.26,-2.658e-06,1.575469,0.336,1
gcn-seal-ref,227230,semgcn,dynamic,1e-2,1e-4,1e-4,4,0.006979,91.97,0,182.19,132.43,48.27,21.93,2.072e-05,1.116713,0.612,1
gcn-seal-ref,227230,semgcn,dynamic,1e-2,1e-4,1e-4,5,0.005458,92.66,0,132.71,95.24,73.8,37.64,1.82e-05,0.891589,0.339,1
gcn-seal-ref,227230,semgcn,dynamic,1e-2,1e-4,1e-4,6,0.004101,92.14,0,112.38,78.13,80.54,42.69,2.074e-05,0.822471,0.725,1
gcn-seal-ref,227230,semgcn,dynamic,1e-2,1e-4,1e-4,7,0.003281,92.78,1,119.76,79.92,75.55,36.56,1.973e-05,0.716736,0.341,0
gcn-seal-ref,227230,semgcn,dynamic,1e-2,1e-4,1e-4,8,0.00299,92.56,2,248.1,204.61,37.6,15.55,2.204e-05,0.68198,0.296,0
gcn-seal-ref,227230,semgcn,dynamic,1e-2,1e-4,1e-4,9,0.002677,92.22,0,95.21,76.59,83.4,46.53,2.493e-05,0.752127,0.219,1
gcn-seal-ref,227230,semgcn,dynamic,1e-2,1e-4,1e-4,10,0.00227,92.36,0,84.62,60.04,88.16,51.54,2.758e-05,0.76396,0.174,1
gcn-seal-ref,227230,semgcn,dynamic,1e-2,1e-4,1e-4,11,0.002186,92.7,1,91.49,64.56,85.99,48.71,2.819e-05,0.86629,0.542,0
gcn-seal-ref,227230,semgcn,dynamic,1e-2,1e-4,1e-4,12,0.002005,92.49,0,79.28,54.81,89.29,53.96,3.05e-05,0.797773,0.506,1
gcn-seal-ref,227230,semgcn,dynamic,1e-2,1e-4,1e-4,13,0.001833,92.55,1,137.02,105.39,68.84,33.97,3.17e-05,0.865953,0.329,0
gcn-seal-ref,227230,semgcn,dynamic,1e-2,1e-4,1e-4,14,0.001735,92.57,2,131.5,103.66,72.29,36.16,3.305e-05,0.88868,0.685,0
gcn-seal-ref,227230,semgcn,dynamic,1e-2,1e-4,1e-4,15,0.001678,92.31,3,89.13,59.21,86.98,51.91,4.264e-05,1.064873,0.48,0
gcn-seal-ref,227230,semgcn,dynamic,1e-2,1e-4,1e-4,16,0.001547,92.36,4,81.16,54.76,88.77,55.11,3.781e-05,0.913059,0.408,0
gcn-seal-ref,227230,semgcn,dynamic,1e-2,1e-4,1e-4,17,0.001613,92.32,5,164.07,131.61,67.08,32.75,4.374e-05,1.011247,0.21,0
gcn-seal-ref,227230,semgcn,dynamic,1e-2,1e-4,1e-4,18,0.001516,92.14,6,121.74,99.46,74.81,37.49,5.25e-05,1.258139,0.583,0
gcn-seal-ref,227230,semgcn,dynamic,1e-2,1e-4,1e-4,19,0.001445,92.64,7,85.87,61.74,86.73,51.18,4.493e-05,1.084084,0.493,0
gcn-seal-ref,227230,semgcn,dynamic,1e-2,1e-4,1e-4,20,0.001368,92.91,0,70.78,57.16,91.35,57.43,4.961e-05,1.321443,0.39,1
gcn-seal-ref,227230,semgcn,dynamic,1e-2,1e-4,1e-4,21,0.001335,91.97,1,76.92,60.82,89.54,54.36,4.751e-05,0.994903,0.802,0
gcn-seal-ref,227230,semgcn,dynamic,1e-2,1e-4,1e-4,22,0.001259,92.45,2,259.56,196.57,39.59,18.49,4.647e-05,1.212174,0.402,0
gcn-seal-ref,227230,semgcn,dynamic,1e-2,1e-4,1e-4,23,0.001246,92.53,3,78.38,51.21,89.87,56.4,5.277e-05,1.358864,0.61,0
gcn-seal-ref,227230,semgcn,dynamic,1e-2,1e-4,1e-4,24,0.001249,92.22,4,211.01,162.4,47.16,22.75,5.109e-05,1.350633,0.625,0
gcn-seal-ref,227230,semgcn,dynamic,1e-2,1e-4,1e-4,25,0.00123,92.19,5,206.2,157.92,47.69,22.88,5.316e-05,1.326389,0.564,0
gcn-seal-ref,227230,semgcn,dynamic,1e-2,1e-4,1e-4,26,0.001153,92.16,6,692.63,358.63,15.86,7.9,5.386e-05,1.126716,0.512,0
gcn-seal-ref,227230,semgcn,dynamic,1e-2,1e-4,1e-4,27,0.001145,92.32,0,65.55,46.18,91.78,61.11,6.869e-05,1.959311,0.443,1
gcn-seal-ref,227230,semgcn,dynamic,1e-2,1e-4,1e-4,28,0.001087,92.34,1,69.25,51.07,91.2,58.8,5.475e-05,1.441355,0.339,0
gcn-seal-ref,227230,semgcn,dynamic,1e-2,1e-4,1e-4,29,0.00108,92.81,2,76.63,58.47,89.76,54.61,5.007e-05,1.229695,0.72,0
gcn-seal-ref,227230,semgcn,dynamic,1e-2,1e-4,1e-4,30,0.001048,92.59,3,650.45,375.08,15.61,7.08,5.229e-05,0.947755,0.415,0
gcn-seal-ref,227230,semgcn,dynamic,1e-2,1e-4,1e-4,31,0.001065,92.22,4,700.56,366.88,16.94,7.64,5.259e-05,1.268299,0.71,0
gcn-seal-ref,227230,semgcn,dynamic,1e-2,1e-4,1e-4,32,0.001071,92.6,5,129.95,106.29,71.28,35.91,6.458e-05,2.433351,0.504,0
gcn-seal-ref,227230,semgcn,dynamic,1e-2,1e-4,1e-4,33,0.001025,92.17,6,92.88,74.9,85.26,47.87,4.866e-05,1.416744,0.558,0
gcn-seal-ref,227230,semgcn,dynamic,1e-2,1e-4,1e-4,34,0.001015,92.61,7,73.23,57.17,90.54,56.36,4.913e-05,1.290992,0.664,0
gcn-seal-ref,227230,semgcn,dynamic,1e-2,1e-4,1e-4,35,0.000998,92.39,8,67.54,45.88,91.12,60.63,5.249e-05,1.647686,0.499,0
gcn-seal-ref,227230,semgcn,dynamic,1e-2,1e-4,1e-4,36,0.000983,92.32,9,73.83,53.38,90.29,56.56,5.313e-05,1.780096,0.555,0
gcn-seal-ref,227230,semgcn,dynamic,1e-2,1e-4,1e-4,37,0.000974,92.37,10,86.67,67.74,87.2,50.28,5.53e-05,1.33567,0.583,0
gcn-seal-ref,227230,semgcn,dynamic,1e-2,1e-4,1e-4,38,0.000956,92.05,11,76.66,62.9,90.21,54.7,6.568e-05,2.022677,0.481,0
gcn-seal-ref,227230,semgcn,dynamic,1e-2,1e-4,1e-4,39,0.000954,92.37,12,88.41,69.9,87.03,49.29,4.069e-05,1.607606,0.556,0
gcn-seal-ref,227230,semgcn,dynamic,1e-2,1e-4,1e-4,40,0.000937,92.07,13,91.5,73.07,85.65,48.75,4.001e-05,1.407092,0.724,0
gcn-seal-ref,227230,semgcn,dynamic,1e-2,1e-4,1e-4,41,0.000932,92.39,14,66.64,46.06,91.42,60.68,4.427e-05,1.462988,0.543,0
gcn-seal-ref,227230,semgcn,dynamic,1e-2,1e-4,1e-4,42,0.000928,92.19,15,193.38,149.4,48.91,23.77,4.115e-05,1.433845,0.406,0
gcn-seal-ref,227230,semgcn,dynamic,1e-2,1e-4,1e-4,43,0.000917,92.39,0,64.65,44.84,91.71,62.16,4.251e-05,1.248428,0.49,1
gcn-seal-ref,227230,semgcn,dynamic,1e-2,1e-4,1e-4,44,0.000935,91.94,1,69.62,54.51,91.58,58.08,4.625e-05,1.31985,0.305,0
gcn-seal-ref,227230,semgcn,dynamic,1e-2,1e-4,1e-4,45,0.000892,92.17,2,85.68,67.74,87.25,50.44,5.134e-05,1.787101,0.63,0
gcn-seal-ref,227230,semgcn,dynamic,1e-2,1e-4,1e-4,46,0.000886,92.18,3,121.44,96.06,73.78,37.78,5.103e-05,1.827425,0.434,0
gcn-seal-ref,227230,semgcn,dynamic,1e-2,1e-4,1e-4,47,0.000883,92.5,4,408.43,274.49,24.46,10.8,4.393e-05,1.396065,0.44,0
gcn-seal-ref,227230,semgcn,dynamic,1e-2,1e-4,1e-4,48,0.000872,91.98,5,166.6,129.99,56.37,27.64,4.469e-05,1.502257,0.39,0
gcn-seal-ref,227230,semgcn,dynamic,1e-2,1e-4,1e-4,49,0.000887,92.0,6,87.13,69.52,87.06,50.25,4.747e-05,1.454961,0.229,0
gcn-seal-ref,227230,semgcn,dynamic,1e-2,1e-4,1e-4,50,0.000863,92.62,7,90.82,72.86,85.97,48.42,3.93e-05,1.134382,0.333,0
lin-base,222802,linear-large,baseline,2e-4,,,1,0.113281,32.53,0,162.54,121.47,64.03,31.54,,,,1
lin-base,222802,linear-large,baseline,2e-4,,,2,0.019521,33.13,0,127.2,100.05,72.5,39.77,,,,1
lin-base,222802,linear-large,baseline,2e-4,,,3,0.013767,31.72,1,206.96,129.44,35.05,13.08,,,,0
lin-base,222802,linear-large,baseline,2e-4,,,4,0.011807,33.24,0,120.59,94.81,74.19,37.71,,,,1
lin-base,222802,linear-large,baseline,2e-4,,,5,0.01023,31.53,1,182.99,146.39,45.34,16.76,,,,0
lin-base,222802,linear-large,baseline,2e-4,,,6,0.009407,31.36,2,126.87,103.11,75.3,36.27,,,,0
lin-base,222802,linear-large,baseline,2e-4,,,7,0.008689,32.67,0,94.06,73.06,83.78,48.39,,,,1
lin-base,222802,linear-large,baseline,2e-4,,,8,0.007949,32.34,0,89.38,73.05,84.53,50.41,,,,1
lin-base,222802,linear-large,baseline,2e-4,,,9,0.007538,33.12,0,87.55,70.38,85.26,51.26,,,,1
lin-base,222802,linear-large,baseline,2e-4,,,10,0.007514,31.61,1,92.56,70.88,84.62,48.62,,,,0
lin-base,222802,linear-large,baseline,2e-4,,,11,0.007568,33.25,0,82.79,65.39,86.76,52.95,,,,1
lin-base,222802,linear-large,baseline,2e-4,,,12,0.006631,31.86,1,313.7,204.57,38.62,19.04,,,,0
lin-base,222802,linear-large,baseline,2e-4,,,13,0.007323,31.95,2,83.8,66.41,85.95,53.22,,,,0
lin-base,222802,linear-large,baseline,2e-4,,,14,0.006302,33.41,0,81.12,64.27,86.86,54.33,,,,1
lin-base,222802,linear-large,baseline,2e-4,,,15,0.006447,31.74,1,81.26,63.29,87.11,54.11,,,,0
lin-base,222802,linear-large,baseline,2e-4,,,16,0.006479,32.96,0,79.0,64.11,87.67,54.76,,,,1
lin-base,222802,linear-large,baseline,2e-4,,,17,0.00589,33.99,0,77.25,62.17,88.21,55.48,,,,1
lin-base,222802,linear-large,baseline,2e-4,,,18,0.005931,31.98,1,81.98,65.45,87.33,53.28,,,,0
lin-base,222802,linear-large,baseline,2e-4,,,19,0.006347,31.79,2,92.02,71.58,84.67,47.59,,,,0
lin-base,222802,linear-large,baseline,2e-4,,,20,0.006037,32.02,3,83.29,65.96,86.26,52.76,,,,0
lin-base,222802,linear-large,baseline,2e-4,,,21,0.005518,32.09,4,95.01,76.32,83.64,48.61,,,,0
lin-base,222802,linear-large,baseline,2e-4,,,22,0.005447,31.85,5,86.92,66.47,86.46,50.43,,,,0
lin-base,222802,linear-large,baseline,2e-4,,,23,0.005339,31.91,6,87.86,69.46,85.94,50.57,,,,0
lin-base,222802,linear-large,baseline,2e-4,,,24,0.005089,33.16,0,76.67,59.28,88.68,55.42,,,,1
lin-base,222802,linear-large,baseline,2e-4,,,25,0.005198,31.67,1,114.46,93.0,78.17,43.35,,,,0
lin-base,222802,linear-large,baseline,2e-4,,,26,0.004953,33.35,0,76.04,61.35,88.53,56.05,,,,1
lin-base,222802,linear-large,baseline,2e-4,,,27,0.004867,32.05,1,76.35,60.95,88.23,56.39,,,,0
lin-base,222802,linear-large,baseline,2e-4,,,28,0.004825,33.55,0,75.89,62.02,88.79,56.11,,,,1
lin-base,222802,linear-large,baseline,2e-4,,,29,0.005003,31.8,1,98.47,77.27,83.16,47.25,,,,0
lin-base,222802,linear-large,baseline,2e-4,,,30,0.004586,33.13,0,72.64,57.35,89.28,57.85,,,,1
lin-base,222802,linear-large,baseline,2e-4,,,31,0.004528,32.21,1,90.81,65.19,87.25,46.98,,,,0
lin-base,222802,linear-large,baseline,2e-4,,,32,0.00459,31.97,2,73.57,58.52,88.85,57.32,,,,0
lin-base,222802,linear-large,baseline,2e-4,,,33,0.004497,33.58,0,70.98,58.05,89.39,58.46,,,,1
lin-base,222802,linear-large,baseline,2e-4,,,34,0.004346,32.02,1,74.77,59.25,89.17,56.55,,,,0
lin-base,222802,linear-large,baseline,2e-4,,,35,0.004479,31.81,2,76.19,57.97,88.57,55.8,,,,0
lin-base,222802,linear-large,baseline,2e-4,,,36,0.004208,32.29,3,88.97,72.47,86.32,51.06,,,,0
lin-base,222802,linear-large,baseline,2e-4,,,37,0.004168,32.23,4,90.2,70.84,85.39,50.35,,,,0
lin-base,222802,linear-large,baseline,2e-4,,,38,0.004201,32.07,5,72.49,57.81,89.12,58.02,,,,0
lin-base,222802,linear-large,baseline,2e-4,,,39,0.004055,32.16,6,87.04,70.82,86.4,52.15,,,,0
lin-base,222802,linear-large,baseline,2e-4,,,40,0.004011,31.59,7,93.86,71.92,86.16,44.85,,,,0
lin-base,222802,linear-large,baseline,2e-4,,,41,0.004307,31.91,8,76.95,62.07,88.27,55.73,,,,0
lin-base,222802,linear-large,baseline,2e-4,,,42,0.004014,32.13,9,71.6,56.91,89.37,58.36,,,,0
lin-base,222802,linear-large,baseline,2e-4,,,43,0.003942,32.22,10,73.22,58.38,88.71,57.49,,,,0
lin-base,222802,linear-large,baseline,2e-4,,,44,0.003874,32.07,11,92.29,72.52,85.1,49.95,,,,0
lin-base,222802,linear-large,baseline,2e-4,,,45,0.003888,32.23,12,81.9,60.92,88.55,52.2,,,,0
lin-base,222802,linear-large,baseline,2e-4,,,46,0.003817,31.91,13,308.29,206.2,42.22,20.83,,,,0
lin-base,222802,linear-large,baseline,2e-4,,,47,0.003874,32.07,14,72.58,55.35,89.9,57.45,,,,0
lin-base,222802,linear-large,baseline,2e-4,,,48,0.003761,32.02,15,82.2,65.57,88.34,52.78,,,,0
lin-base,222802,linear-large,baseline,2e-4,,,49,0.003869,31.88,16,75.36,60.42,88.51,56.17,,,,0
lin-base,222802,linear-large,baseline,2e-4,,,50,0.00369,31.56,17,83.15,67.53,87.28,53.85,,,,0
lin-seal,222803,linear-large,dynamic,2e-4,1e-3,5e-4,1,0.114069,199.31,0,158.23,119.92,64.93,33.04,-0.0005863,5.180926,0.38,1
lin-seal,222803,linear-large,dynamic,2e-4,1e-3,5e-4,2,0.019454,179.31,1,272.12,179.77,42.54,20.53,0.00028,6.540498,0.498,0
lin-seal,222803,linear-large,dynamic,2e-4,1e-3,5e-4,3,0.013939,183.34,0,115.52,93.54,76.37,42.12,0.0001643,5.647589,1.811,1
lin-seal,222803,linear-large,dynamic,2e-4,1e-3,5e-4,4,0.011722,180.56,1,386.8,261.23,32.35,14.38,0.0001796,14.208621,0.209,0
lin-seal,222803,linear-large,dynamic,2e-4,1e-3,5e-4,5,0.010316,183.13,0,100.53,80.93,80.71,46.23,8.57e-05,20.18619,1.944,1
lin-seal,222803,linear-large,dynamic,2e-4,1e-3,5e-4,6,0.009961,182.48,0,94.02,74.93,83.34,49.21,0.0001007,12.947666,1.93,1
lin-seal,222803,linear-large,dynamic,2e-4,1e-3,5e-4,7,0.008654,182.96,0,89.09,71.21,84.97,50.76,0.0001051,9.428604,1.928,1
lin-seal,222803,linear-large,dynamic,2e-4,1e-3,5e-4,8,0.008499,181.64,1,93.57,73.9,83.18,48.67,7.077e-05,8.919481,1.737,0
lin-seal,222803,linear-large,dynamic,2e-4,1e-3,5e-4,9,0.007921,181.47,2,154.26,107.07,67.79,34.21,6.163e-05,22.491534,0.495,0
lin-seal,222803,linear-large,dynamic,2e-4,1e-3,5e-4,10,0.00727,181.73,3,107.17,84.42,80.4,42.46,4.985e-05,19.089547,0.956,0
lin-seal,222803,linear-large,dynamic,2e-4,1e-3,5e-4,11,0.007406,182.62,0,85.54,67.52,85.93,52.38,8.53e-06,15.958756,1.963,1
lin-seal,222803,linear-large,dynamic,2e-4,1e-3,5e-4,12,0.006896,181.39,1,104.69,80.71,81.75,44.97,4.801e-05,20.768453,1.119,0
lin-seal,222803,linear-large,dynamic,2e-4,1e-3,5e-4,13,0.006992,181.73,2,108.07,85.38,79.27,39.48,5.067e-05,18.822453,0.612,0
lin-seal,222803,linear-large,dynamic,2e-4,1e-3,5e-4,14,0.006633,182.34,3,296.54,180.0,32.44,13.4,4.083e-05,15.468899,2.527,0
lin-seal,222803,linear-large,dynamic,2e-4,1e-3,5e-4,15,0.006636,182.08,4,344.16,227.44,35.97,16.58,2.93e-05,20.355211,1.286,0
lin-seal,222803,linear-large,dynamic,2e-4,1e-3,5e-4,16,0.006071,182.41,5,108.15,82.34,79.71,43.66,3.204e-05,19.173505,2.478,0
lin-seal,222803,linear-large,dynamic,2e-4,1e-3,5e-4,17,0.005994,185.13,0,78.73,62.63,88.14,54.76,3.359e-05,17.384975,2.273,1
lin-seal,222803,linear-large,dynamic,2e-4,1e-3,5e-4,18,0.005832,183.26,1,107.29,80.22,81.47,45.22,2.479e-05,16.541697,1.889,0
lin-seal,222803,linear-large,dynamic,2e-4,1e-3,5e-4,19,0.005792,184.25,2,100.07,78.38,83.82,45.44,2.895e-05,19.029022,0.65,0
lin-seal,222803,linear-large,dynamic,2e-4,1e-3,5e-4,20,0.005505,182.31,3,99.47,74.06,83.3,44.87,1.958e-05,27.539182,2.422,0
lin-seal,222803,linear-large,dynamic,2e-4,1e-3,5e-4,21,0.005444,181.74,4,85.98,69.77,86.15,51.16,1.182e-05,23.98941,1.613,0
lin-seal,222803,linear-large,dynamic,2e-4,1e-3,5e-4,22,0.005278,184.91,5,79.39,60.64,88.3,54.07,1.726e-05,22.885445,0.653,0
lin-seal,222803,linear-large,dynamic,2e-4,1e-3,5e-4,23,0.005163,189.3,0,78.73,63.25,87.87,54.58,1.96e-05,21.959666,0.8,1
lin-seal,222803,linear-large,dynamic,2e-4,1e-3,5e-4,24,0.005269,189.18,0,76.76,58.71,88.46,55.81,1.339e-05,21.317497,1.198,1
lin-seal,222803,linear-large,dynamic,2e-4,1e-3,5e-4,25,0.005054,187.14,1,216.75,122.57,31.8,13.97,8.691e-06,21.869194,1.119,0
lin-seal,222803,linear-large,dynamic,2e-4,1e-3,5e-4,26,0.005197,185.74,2,81.28,63.73,87.26,53.84,-2.519e-05,25.338787,0.676,0
lin-seal,222803,linear-large,dynamic,2e-4,1e-3,5e-4,27,0.004844,186.73,3,339.84,233.09,39.35,18.6,-5.626e-06,25.195667,1.385,0
lin-seal,222803,linear-large,dynamic,2e-4,1e-3,5e-4,28,0.004757,184.64,4,77.83,61.58,88.58,54.75,-1.434e-05,26.152699,1.814,0
lin-seal,222803,linear-large,dynamic,2e-4,1e-3,5e-4,29,0.004635,185.21,5,78.18,62.85,87.71,55.5,-1.189e-05,22.977165,2.112,0
lin-seal,222803,linear-large,dynamic,2e-4,1e-3,5e-4,30,0.004624,187.74,0,73.57,59.1,88.65,57.47,-1.888e-05,23.126827,2.447,1
lin-seal,222803,linear-large,dynamic,2e-4,1e-3,5e-4,31,0.004517,186.1,1,73.85,56.15,89.08,56.85,-1.022e-05,23.24701,1.71,0
lin-seal,222803,linear-large,dynamic,2e-4,1e-3,5e-4,32,0.004461,187.74,0,72.37,55.46,89.62,57.93,-1.114e-05,22.061457,2.113,1
lin-seal,222803,linear-large,dynamic,2e-4,1e-3,5e-4,33,0.004387,186.07,1,81.15,60.86,87.73,53.31,-9.338e-06,20.09041,2.412,0
lin-seal,222803,linear-large,dynamic,2e-4,1e-3,5e-4,34,0.004351,187.32,2,88.17,73.42,86.26,50.29,-1.824e-05,23.677953,0.855,0
lin-seal,222803,linear-large,dynamic,2e-4,1e-3,5e-4,35,0.004309,186.37,3,72.98,55.67,89.45,57.56,-2.696e-05,22.927311,1.259,0
lin-seal,222803,linear-large,dynamic,2e-4,1e-3,5e-4,36,0.004188,186.51,4,76.94,58.58,89.05,55.03,-1.409e-05,24.543362,1.394,0
lin-seal,222803,linear-large,dynamic,2e-4,1e-3,5e-4,37,0.004266,186.86,5,152.82,111.09,55.64,20.22,-2.777e-05,23.990095,2.289,0
lin-seal,222803,linear-large,dynamic,2e-4,1e-3,5e-4,38,0.004673,187.29,6,81.13,63.85,87.53,54.51,-7.418e-05,26.37897,0.88,0
lin-seal,222803,linear-large,dynamic,2e-4,1e-3,5e-4,39,0.004197,187.14,7,90.83,74.72,85.92,51.66,-4.605e-05,24.170948,2.318,0
lin-seal,222803,linear-large,dynamic,2e-4,1e-3,5e-4,40,0.004118,186.95,0,70.26,54.49,89.64,59.12,-4.951e-05,23.867196,2.185,1
lin-seal,222803,linear-large,dynamic,2e-4,1e-3,5e-4,41,0.00401,186.86,1,71.41,55.72,89.45,58.47,-4.139e-05,22.381017,2.316,0
lin-seal,222803,linear-large,dynamic,2e-4,1e-3,5e-4,42,0.003959,186.91,2,70.69,55.57,89.83,58.55,-4.116e-05,22.161511,2.342,0
lin-seal,222803,linear-large,dynamic,2e-4,1e-3,5e-4,43,0.003912,188.18,0,69.43,55.07,90.11,59.37,-4.724e-05,24.831872,0.724,1
lin-seal,222803,linear-large,dynamic,2e-4,1e-3,5e-4,44,0.003875,188.56,0,68.91,54.08,90.26,59.38,-4.462e-05,25.514033,1.412,1
lin-seal,222803,linear-large,dynamic,2e-4,1e-3,5e-4,45,0.003844,187.22,1,73.07,56.08,89.8,57.15,-3.514e-05,23.633662,1.402,0
lin-seal,222803,linear-large,dynamic,2e-4,1e-3,5e-4,46,0.003786,185.17,2,80.87,62.18,89.14,52.01,-3.623e-05,21.994786,2.348,0
lin-seal,222803,linear-large,dynamic,2e-4,1e-3,5e-4,47,0.003944,186.98,3,71.0,54.56,89.92,58.38,-3.609e-05,22.601141,1.271,0
lin-seal,222803,linear-large,dynamic,2e-4,1e-3,5e-4,48,0.003708,186.35,4,71.45,53.82,89.83,58.5,-4.313e-05,23.500305,0.988,0
lin-seal,222803,linear-large,dynamic,2e-4,1e-3,5e-4,49,0.003748,187.87,0,67.43,52.29,90.44,60.3,-4.124e-05,25.467897,0.408,1
lin-seal,222803,linear-large,dynamic,2e-4,1e-3,5e-4,50,0.003676,185.75,1,76.05,59.2,88.78,56.55,-3.895e-05,25.495535,0.47,0
